{"sitename": "Amedee", "coords": [166.47, -22.48], "season": "DJF", "dataset": "ersst", "variable": "sst", "calc_anoms": true, "detrend": true, "value": -0.26, "climatology": [1981, 2010], "period": [1979, 2014], "extracted_coords": [166.0, -22.0], "distance_point": 71.98760982961697, "trend_params": {"sterr": 0.007825350019529064, "rval": 0.30471056443545524, "intercept": -16.257205985829472, "pval": 0.17857648458483455, "slope": 0.00815872997636833}, "category": "B", "analog_years": [1983, 1987, 1997, 2001, 2003, 2013, 2014]}