{"sitename": "Cass", "coords": [170.315493, -43.652675], "season": "DJF", "dataset": "vcsn", "variable": "TMean", "calc_anoms": true, "detrend": true, "value": -0.16, "climatology": [1981, 2010], "period": [1979, 2014], "extracted_coords": [170.29999999999998, -43.65], "distance_point": 1.2806903178437616, "trend_params": {"sterr": 0.01681277833304685, "rval": 0.322308196570394, "intercept": -33.895543620859755, "pval": 0.17229608510411545, "slope": 0.01689334706815625}, "category": "B", "analog_years": [1985, 1987, 1988, 1991, 1992, 2002, 2009]}