{"sitename": "Clarke", "coords": [169.451667, -43.873611], "season": "DJF", "dataset": "vcsn", "variable": "TMean", "calc_anoms": true, "detrend": true, "value": -0.13, "climatology": [1981, 2010], "period": [1979, 2014], "extracted_coords": [169.45, -43.85], "distance_point": 2.627172436011875, "trend_params": {"sterr": 0.015204340521103176, "rval": 0.9904603551790957, "intercept": -0.49616969016039403, "pval": 0.0020971748912605947, "slope": 0.00018317245326028838}, "category": "B", "analog_years": [1985, 1993, 2002, 2003, 2004, 2005, 2012]}