{"sitename": "Frances", "coords": [168.395713, -44.596521], "season": "DJF", "dataset": "vcsn", "variable": "TMean", "calc_anoms": true, "detrend": true, "value": -0.41, "climatology": [1981, 2010], "period": [1979, 2014], "extracted_coords": [168.4, -44.6], "distance_point": 0.5143242470101659, "trend_params": {"sterr": 0.021820002370902487, "rval": 0.14065133750220382, "intercept": -65.9994167247913, "pval": 0.25416488554783195, "slope": 0.03294037822767213}, "category": "B", "analog_years": [1982, 1987, 1988, 1991, 1993, 2012, 2013]}