{"sitename": "Greenlaw", "coords": [171.419497, -43.006108], "season": "DJF", "dataset": "vcsn", "variable": "TMean", "calc_anoms": true, "detrend": true, "value": -0.26, "climatology": [1981, 2010], "period": [1979, 2014], "extracted_coords": [171.4, -43.0], "distance_point": 1.7237375830879502, "trend_params": {"sterr": 0.015996135111600276, "rval": 0.9817565410202842, "intercept": -0.938794534869803, "pval": 0.004010844782972325, "slope": 0.00036856270131330996}, "category": "B", "analog_years": [1985, 1991, 1992, 2000, 2003, 2007, 2011]}