{"sitename": "Gunn", "coords": [170.327343, -43.368294], "season": "DJF", "dataset": "vcsn", "variable": "TMean", "calc_anoms": true, "detrend": true, "value": -0.59, "climatology": [1981, 2010], "period": [1979, 2014], "extracted_coords": [170.35, -43.35], "distance_point": 2.735649736102959, "trend_params": {"sterr": 0.015757423364311407, "rval": 0.16662847655017698, "intercept": -44.625515906585754, "pval": 0.2390657817092611, "slope": 0.022286345201781445}, "category": "B", "analog_years": [1985, 1988, 1992, 1993, 2003, 2012, 2013]}