{"sitename": "Hopkins", "coords": [169.887499, -43.942569], "season": "DJF", "dataset": "vcsn", "variable": "TMean", "calc_anoms": true, "detrend": true, "value": -0.39, "climatology": [1981, 2010], "period": [1979, 2014], "extracted_coords": [169.9, -43.949999999999996], "distance_point": 1.2970287700020637, "trend_params": {"sterr": 0.020964410224498253, "rval": 0.8883920405824486, "intercept": -6.169246486693404, "pval": 0.024611920080989415, "slope": 0.0029649453403909347}, "category": "B", "analog_years": [1982, 1985, 1986, 1991, 1993, 2005, 2009]}