{"sitename": "Jollie", "coords": [170.33, -43.697778], "season": "DJF", "dataset": "vcsn", "variable": "TMean", "calc_anoms": true, "detrend": true, "value": -0.99, "climatology": [1981, 2010], "period": [1979, 2014], "extracted_coords": [170.35, -43.699999999999996], "distance_point": 1.6256872192126688, "trend_params": {"sterr": 0.016333715182849592, "rval": 0.30241098016564527, "intercept": -34.3212684109616, "pval": 0.1794139117633087, "slope": 0.017112082504488944}, "category": "WB", "analog_years": [1980, 1983, 1984, 1993, 2011, 2012, 2014]}