{"sitename": "Mistake", "coords": [168.015261, -44.843612], "season": "DJF", "dataset": "vcsn", "variable": "TMean", "calc_anoms": true, "detrend": true, "value": -1.14, "climatology": [1981, 2010], "period": [1979, 2014], "extracted_coords": [168.0, -44.85], "distance_point": 1.3962830031489613, "trend_params": {"sterr": 0.019543359300543545, "rval": 0.10192573306343916, "intercept": -65.8475412573255, "pval": 0.28106717291198585, "slope": 0.03288033270408617}, "category": "WB", "analog_years": [1980, 1983, 1984, 2009, 2011, 2012, 2014]}