{"sitename": "Oroko", "coords": [170.307329, -43.222615], "season": "DJF", "dataset": "vcsn", "variable": "TMean", "calc_anoms": true, "detrend": true, "value": -0.42, "climatology": [1981, 2010], "period": [1979, 2014], "extracted_coords": [170.29999999999998, -43.199999999999996], "distance_point": 2.5822452692301705, "trend_params": {"sterr": 0.012618823476091478, "rval": 0.2434169125900518, "intercept": -29.907802314659474, "pval": 0.20247548639692386, "slope": 0.014987808990856175}, "category": "B", "analog_years": [1984, 1988, 1998, 2004, 2006, 2009, 2014]}