{"sitename": "Pear Drop", "coords": [168.849048, -44.251904], "season": "DJF", "dataset": "vcsn", "variable": "TMean", "calc_anoms": true, "detrend": true, "value": -0.69, "climatology": [1981, 2010], "period": [1979, 2014], "extracted_coords": [168.85, -44.25], "distance_point": 0.2247425428501868, "trend_params": {"sterr": 0.02155178340676052, "rval": 0.3452490872351799, "intercept": -41.424550060291764, "pval": 0.16442077022798401, "slope": 0.020637071662183943}, "category": "B", "analog_years": [1982, 1986, 1991, 1993, 2004, 2012, 2013]}