{"sitename": "Rarotonga", "coords": [200.18, -21.23], "season": "DJF", "dataset": "ersst", "variable": "sst", "calc_anoms": true, "detrend": true, "value": 0.6, "climatology": [1981, 2010], "period": [1979, 2014], "extracted_coords": [200.0, -22.0], "distance_point": 87.56368858840081, "trend_params": {"sterr": 0.00787486438427222, "rval": 0.0004755169130383159, "intercept": -60.96501637775518, "pval": 0.5594795521984811, "slope": 0.030535947029886684}, "category": "WA", "analog_years": [1982, 1997, 1999, 2000, 2001, 2006, 2009]}