{"sitename": "Taramakau", "coords": [171.486667, -42.899444], "season": "DJF", "dataset": "vcsn", "variable": "TMean", "calc_anoms": true, "detrend": true, "value": -0.69, "climatology": [1981, 2010], "period": [1979, 2014], "extracted_coords": [171.5, -42.9], "distance_point": 1.0871204462090915, "trend_params": {"sterr": 0.014993356834044997, "rval": 0.8825579929069363, "intercept": -4.631371425840538, "pval": 0.025907188825487835, "slope": 0.002232142578944394}, "category": "WB", "analog_years": [1980, 1983, 1984, 1993, 2012, 2013, 2014]}