{"sitename": "Temple", "coords": [169.709872, -44.146466], "season": "DJF", "dataset": "vcsn", "variable": "TMean", "calc_anoms": true, "detrend": true, "value": -0.79, "climatology": [1981, 2010], "period": [1979, 2014], "extracted_coords": [169.7, -44.15], "distance_point": 0.8796866025775316, "trend_params": {"sterr": 0.01949153055147508, "rval": 0.9304908575777648, "intercept": -3.6311347811284476, "pval": 0.015298874259852102, "slope": 0.0017132203270632579}, "category": "B", "analog_years": [1985, 1986, 1991, 1993, 2004, 2005, 2012]}