{"sitename": "Turnbull", "coords": [169.850303, -43.877607], "season": "DJF", "dataset": "vcsn", "variable": "TMean", "calc_anoms": true, "detrend": true, "value": -0.4, "climatology": [1981, 2010], "period": [1979, 2014], "extracted_coords": [169.85, -43.9], "distance_point": 2.488542980472772, "trend_params": {"sterr": 0.020212833754543347, "rval": 0.9270240329615556, "intercept": -3.9630154139886344, "pval": 0.016063907506014188, "slope": 0.0018654834941018938}, "category": "B", "analog_years": [1982, 1985, 1986, 1991, 1993, 2005, 2009]}