{"sitename": "Avoca", "coords": [171.405812, -43.043031], "season": "DJF", "dataset": "vcsn", "variable": "TMean", "calc_anoms": true, "detrend": true, "value": -0.53, "climatology": [1981, 2010], "period": [1979, 2014], "extracted_coords": [171.4, -43.05], "distance_point": 0.9069296145614849, "trend_params": {"slope": 0.0049609562030229, "intercept": -10.194280501596959, "pval": 0.042091710019128016, "rval": 0.8102678325744178, "sterr": 0.020498722188612303}, "category": "B", "analog_years": [1982, 1985, 1986, 1988, 1991, 1993, 2009]}