{"sitename": "Browning Creek", "coords": [169.836463, -43.850548], "season": "DJF", "dataset": "vcsn", "variable": "TMean", "calc_anoms": true, "detrend": true, "value": -0.62, "climatology": [1981, 2010], "period": [1979, 2014], "extracted_coords": [169.85, -43.85], "distance_point": 1.0865382380225623, "trend_params": {"slope": 0.0048528760781283275, "intercept": -9.97375702134693, "pval": 0.03704344164215627, "rval": 0.8326802675848094, "sterr": 0.02278939124519535}, "category": "B", "analog_years": [1982, 1986, 1991, 2002, 2005, 2009, 2013]}