{"sitename": "Cameron", "coords": [171.505139, -42.934067], "season": "DJF", "dataset": "vcsn", "variable": "TMean", "calc_anoms": true, "detrend": true, "value": -0.81, "climatology": [1981, 2010], "period": [1979, 2014], "extracted_coords": [171.5, -42.949999999999996], "distance_point": 1.8192403316195496, "trend_params": {"slope": 0.006891841274886244, "intercept": -14.038556300904384, "pval": 0.0601424271587651, "rval": 0.7314507634335753, "sterr": 0.019911797923399123}, "category": "B", "analog_years": [1982, 1985, 1988, 1991, 1992, 1993, 2009]}