{"sitename": "Caples", "coords": [168.182845, -44.801851], "season": "DJF", "dataset": "vcsn", "variable": "TMean", "calc_anoms": true, "detrend": true, "value": -0.35, "climatology": [1981, 2010], "period": [1979, 2014], "extracted_coords": [168.2, -44.8], "distance_point": 1.368219270987994, "trend_params": {"slope": 0.03175292085688571, "intercept": -63.58789158841167, "pval": 0.2818597690737743, "rval": 0.1009225879975039, "sterr": 0.01881561882968615}, "category": "B", "analog_years": [1982, 1985, 1988, 1991, 1993, 2004, 2013]}