{"sitename": "Cass", "coords": [170.315493, -43.652675], "season": "DJF", "dataset": "vcsn", "variable": "TMean", "calc_anoms": true, "detrend": true, "value": -0.16, "climatology": [1981, 2010], "period": [1979, 2014], "extracted_coords": [170.29999999999998, -43.65], "distance_point": 1.2806903178437616, "trend_params": {"slope": 0.016893347068156254, "intercept": -33.89554362085976, "pval": 0.1722960851041155, "rval": 0.3223081965703938, "sterr": 0.01681277833304685}, "category": "B", "analog_years": [1985, 1987, 1988, 1991, 1992, 2002, 2009]}