{"sitename": "Crow", "coords": [170.998122, -43.346222], "season": "DJF", "dataset": "vcsn", "variable": "TMean", "calc_anoms": true, "detrend": true, "value": -0.62, "climatology": [1981, 2010], "period": [1979, 2014], "extracted_coords": [171.0, -43.35], "distance_point": 0.44641812756074506, "trend_params": {"slope": 0.009555664868839527, "intercept": -19.30790938900566, "pval": 0.08826696671040954, "rval": 0.6141097765306048, "sterr": 0.01877185998244574}, "category": "WB", "analog_years": [1980, 1983, 1984, 1993, 2011, 2012, 2014]}