{"sitename": "Falls Creek", "coords": [168.015937, -44.824221], "season": "DJF", "dataset": "vcsn", "variable": "TMean", "calc_anoms": true, "detrend": true, "value": -0.71, "climatology": [1981, 2010], "period": [1979, 2014], "extracted_coords": [168.0, -44.8], "distance_point": 2.9703551841622544, "trend_params": {"slope": 0.03283566429908928, "intercept": -65.75229220312369, "pval": 0.2823820849116013, "rval": 0.10026563356905305, "sterr": 0.019418114328752147}, "category": "B", "analog_years": [1982, 1985, 1991, 1992, 1993, 2003, 2013]}