{"sitename": "Gunn", "coords": [170.327343, -43.368294], "season": "DJF", "dataset": "vcsn", "variable": "TMean", "calc_anoms": true, "detrend": true, "value": -0.59, "climatology": [1981, 2010], "period": [1979, 2014], "extracted_coords": [170.35, -43.35], "distance_point": 2.735649736102959, "trend_params": {"slope": 0.02228634520178144, "intercept": -44.62551590658575, "pval": 0.239065781709261, "rval": 0.16662847655017715, "sterr": 0.01575742336431141}, "category": "B", "analog_years": [1985, 1988, 1992, 1993, 2003, 2012, 2013]}