{"sitename": "Hopkins", "coords": [169.887499, -43.942569], "season": "DJF", "dataset": "vcsn", "variable": "TMean", "calc_anoms": true, "detrend": true, "value": -0.39, "climatology": [1981, 2010], "period": [1979, 2014], "extracted_coords": [169.9, -43.949999999999996], "distance_point": 1.2970287700020637, "trend_params": {"slope": 0.002964945340390939, "intercept": -6.169246486693413, "pval": 0.02461192008098945, "rval": 0.8883920405824485, "sterr": 0.020964410224498253}, "category": "B", "analog_years": [1982, 1985, 1986, 1991, 1993, 2005, 2009]}