{"sitename": "Hunter", "coords": [169.636111, -44.120833], "season": "DJF", "dataset": "vcsn", "variable": "TMean", "calc_anoms": true, "detrend": true, "value": -0.14, "climatology": [1981, 2010], "period": [1979, 2014], "extracted_coords": [169.65, -44.1], "distance_point": 2.5666308092028607, "trend_params": {"slope": 0.006753518611745721, "intercept": -13.78221825177966, "pval": 0.048192970118530354, "rval": 0.7833787804635772, "sterr": 0.0243660153771852}, "category": "B", "analog_years": [1982, 1985, 1986, 1991, 2002, 2005, 2013]}