{"sitename": "Pyke", "coords": [168.178333, -44.803611], "season": "DJF", "dataset": "vcsn", "variable": "TMean", "calc_anoms": true, "detrend": true, "value": -0.1, "climatology": [1981, 2010], "period": [1979, 2014], "extracted_coords": [168.2, -44.8], "distance_point": 1.7549068403191712, "trend_params": {"slope": 0.03175292085688571, "intercept": -63.58789158841167, "pval": 0.2818597690737743, "rval": 0.1009225879975039, "sterr": 0.01881561882968615}, "category": "N", "analog_years": [1987, 1992, 1997, 2001, 2003, 2005, 2010]}